contrast01,contrast11,contrast21,contrast31,contrast02,contrast12,contrast22,contrast32,contrast04,contrast14,contrast24,contrast34,dissimilarity01,dissimilarity11,dissimilarity21,dissimilarity31,dissimilarity02,dissimilarity12,dissimilarity22,dissimilarity32,dissimilarity04,dissimilarity14,dissimilarity24,dissimilarity34,homogeneity01,homogeneity11,homogeneity21,homogeneity31,homogeneity02,homogeneity12,homogeneity22,homogeneity32,homogeneity04,homogeneity14,homogeneity24,homogeneity34,energy01,energy11,energy21,energy31,energy02,energy12,energy22,energy32,energy04,energy14,energy24,energy34,correlation01,correlation11,correlation21,correlation31,correlation02,correlation12,correlation22,correlation32,correlation04,correlation14,correlation24,correlation34,ASM01,ASM11,ASM21,ASM31,ASM02,ASM12,ASM22,ASM32,ASM04,ASM14,ASM24,ASM34,label
1.8770525451559936,2.0773249738766983,1.219214876033058,2.4463949843260187,3.84717607973422,2.0773249738766983,2.2386363636363633,2.4463949843260187,6.829506802721088,4.9096559378468365,3.9715909090909087,6.916537180910099,0.7506157635467979,0.8259143155694879,0.669214876033058,0.8990595611285267,1.0838870431893686,0.8259143155694879,0.9313973063973064,0.8990595611285267,1.489795918367347,1.316315205327414,1.2609265734265735,1.53984461709212,0.7047907424215865,0.6778791119449216,0.713140053663531,0.6593041767649774,0.6284893679509341,0.6778791119449216,0.6385661910871436,0.6593041767649774,0.556161368540471,0.5731068761415054,0.5669284921354383,0.5406046544494484,0.22675766072859138,0.2175885832346592,0.22453041253681255,0.2108969100371466,0.2049396515043179,0.2175885832346592,0.20293179568058997,0.2108969100371466,0.1895793714582679,0.19184097667446146,0.1843594985592883,0.18377688139715878,0.9098021091061467,0.9003141553349605,0.9418298437248043,0.8822754017602435,0.813789517980282,0.9003141553349605,0.8932882565668416,0.8822754017602435,0.66132025018249,0.7624896216263569,0.8114303369101235,0.6586732345976049,0.05141903669910295,0.04734479155406622,0.050413906153951235,0.04447750666321631,0.04200026075871127,0.04734479155406622,0.04118131369814872,0.04447750666321631,0.03594033808251192,0.03680296033141127,0.033988424709032225,0.03377394213606537,1.0
2.368874773139746,3.3897318007662833,2.241212121212121,2.989578544061302,4.298500611995103,3.3897318007662833,3.935350122850123,2.989578544061302,6.457706766917293,6.314907332796132,5.714962121212122,6.0367445608380335,1.0071082879612825,1.2294252873563218,1.0,1.1621455938697316,1.3728580171358629,1.2294252873563218,1.356726044226044,1.1621455938697316,1.6895363408521302,1.7202256244963738,1.664141414141414,1.6870265914585012,0.6089755006818925,0.5563376186705769,0.6098427788866811,0.5696483926406943,0.5283430531609227,0.5563376186705769,0.5274421678026228,0.5696483926406943,0.47923760192883236,0.4620055359253297,0.46831238458565155,0.46874873037455767,0.19119329756405246,0.17827839409680343,0.19090656563986402,0.18110410386631773,0.17209920947493634,0.17827839409680343,0.17163221788706215,0.18110410386631773,0.16425184944481575,0.16265583335076703,0.16211246618255998,0.16233744191058408,0.8441360961281894,0.7729614559821358,0.8536959483462273,0.7998909619746234,0.7108897822406606,0.7729614559821358,0.7379484426264716,0.7998909619746234,0.5479546945594307,0.5402667369916098,0.6056975068617351,0.559064077469812,0.036554877033416304,0.031783185801735156,0.03644531680440771,0.032798696437222,0.02961813790189802,0.031783185801735156,0.029457618216831974,0.032798696437222,0.02697867004604242,0.026456920123032492,0.02628045169179165,0.026353445046072257,1.0
0.8898989898989899,1.1028933401814758,1.0216949152542372,1.6221537407978084,1.6397959183673467,1.1028933401814758,2.0944827586206896,1.6221537407978084,2.5552083333333337,2.716585277627057,3.915178571428571,4.0766865617652375,0.6060606060606061,0.6813901729155967,0.632542372881356,0.8435199452148604,0.8673469387755103,0.6813901729155967,0.9434482758620689,0.8435199452148604,1.1239583333333334,1.1166576234400432,1.2816071428571425,1.3669741363718575,0.7237861975509035,0.6986126996593157,0.7197784078119073,0.6455736425724024,0.6347255109741274,0.6986126996593157,0.6248673790451855,0.6455736425724024,0.5612518789689701,0.5773600966618713,0.5541980498293353,0.5243020882907491,0.23301317548951092,0.22901258577150338,0.23643502818108636,0.21273535700714288,0.20593447458066705,0.22901258577150338,0.20857993332297772,0.21273535700714288,0.19033669505528328,0.19987593077709967,0.1942220221230101,0.18802318750879077,0.9157345087564471,0.8905015023275735,0.9004145111602456,0.8392917502833871,0.8428952263668246,0.8905015023275735,0.7867772876407418,0.8392917502833871,0.7513100062693306,0.7011893945635143,0.5808273051689723,0.5570741464871598,0.05429513995170561,0.05244676444175019,0.0559015225509911,0.04525633212095653,0.04240900782081541,0.05244676444175019,0.04350558858501784,0.04525633212095653,0.0362280574845679,0.039950387704011936,0.03772219387755102,0.035352719040965895,1.0
0.719137396694215,1.1605667060212514,1.1386937288576633,1.4423455332546242,1.220703125,1.1605667060212514,2.3782390269698572,1.4423455332546242,2.111758474576271,2.869954539192726,4.421721311475411,4.049180327868853,0.4660382231404959,0.6599763872491144,0.6307572209211553,0.6859504132231407,0.6214843750000001,0.6599763872491144,0.9239820200951877,0.6859504132231407,0.8093220338983051,1.1077283372365339,1.3146174863387976,1.1895577903292467,0.7881625299924098,0.714929509474964,0.7268123431728577,0.7126551277920471,0.7339388599879719,0.714929509474964,0.6467843202737403,0.7126551277920471,0.6826681795128723,0.5913632721651967,0.5586575546447361,0.5909810726080782,0.27548914204137415,0.24942918741931777,0.2536579946236521,0.24923172216492645,0.2553007910751769,0.24942918741931777,0.22832014904258188,0.24923172216492645,0.23980801027817197,0.21622097039729282,0.20735697938117717,0.216643260770245,0.9491001428814155,0.9154857877017153,0.9182769758686301,0.8951214077526748,0.9124563524190225,0.9154857877017153,0.8246382077397673,0.8951214077526748,0.8445557909039124,0.7732390808996525,0.6594472650843011,0.6824646052220157,0.07589426738269243,0.062214919536661153,0.06434237823649273,0.06211645133329509,0.06517849392361111,0.062214919536661153,0.05213009045882681,0.06211645133329509,0.05750788179357584,0.046751508039546974,0.042996916898085935,0.04693430243716438,1.0
1.1380882352941177,1.89873417721519,1.319841036208419,1.4683544303797469,1.954315476190476,1.89873417721519,2.4133870005963027,1.4683544303797469,3.051219512195122,4.29698012830543,4.2050183598531214,2.8040995149428887,0.6845588235294118,0.8744601638123604,0.7549308213129231,0.8306775874906925,0.9299107142857144,0.8744601638123604,1.0308586762075136,0.8306775874906925,1.1487804878048782,1.3159130026599908,1.3411872705018362,1.1642935377875137,0.6986258663108145,0.6466358606240645,0.6735020138228852,0.6432222745617691,0.6200860754677225,0.6466358606240645,0.5986456255565579,0.6432222745617691,0.5709825894301753,0.5547964079942539,0.5399213112703032,0.5553642671905106,0.1989611862480167,0.18736159952468165,0.19250559645159426,0.18392082498225062,0.17912847144683564,0.18736159952468165,0.17623765390128723,0.18392082498225062,0.1691849304021884,0.17002678064774793,0.16725404643700817,0.16813060314978792,0.9249091865665191,0.872954392126102,0.912842447586268,0.9017466410595052,0.8696177300551429,0.872954392126102,0.8383158480344841,0.9017466410595052,0.791708637469534,0.6950326848844186,0.7081553850744584,0.8014767605370449,0.039585553633217994,0.03510436897644719,0.037058404665184064,0.033826869862151665,0.03208700928287981,0.03510436897644719,0.0310597106526299,0.033826869862151665,0.028623540675193338,0.02890910613743739,0.02797391604955288,0.028267899715511472,1.0
0.9475029036004645,1.3095825984714873,1.0704635453063125,1.5062904174015284,1.821529080675422,1.3095825984714873,1.9952830188679247,1.5062904174015284,3.0809421329507414,2.764409487526115,3.4223512336719883,3.6875998525255,0.5379790940766551,0.6379776601998823,0.5957372466806429,0.7168724279835391,0.7535178236397749,0.6379776601998823,0.8155660377358491,0.7168724279835391,0.9702295552367287,0.9204866658473637,1.0595065312046443,1.1146614231289171,0.7659955343358079,0.7339545628586451,0.7435253931184379,0.7068123703538975,0.703095610027899,0.7339545628586451,0.682202071219201,0.7068123703538975,0.6577653524003485,0.6649671309954078,0.6308253838960388,0.6193187323230271,0.2841083066771101,0.26780029904190095,0.27255276381516735,0.261170520369121,0.26150848850191044,0.26780029904190095,0.2523333063610708,0.261170520369121,0.2506789006876845,0.24911834495791743,0.2390826914616607,0.24023111701520775,0.9372503527532764,0.9115319694861549,0.928680811714785,0.8982379580106508,0.8776948392330477,0.9115319694861549,0.8647417502186041,0.8982379580106508,0.7869879636339772,0.800528682605851,0.7604778090404659,0.7344039768163202,0.08071752992293486,0.07171700016693158,0.0742850090632864,0.06821004070987742,0.06838668955855381,0.07171700016693158,0.06367209749911001,0.06821004070987742,0.06283991124998599,0.06205994979457194,0.05716053335655165,0.05771098958237443,1.0
1.682369814651368,2.486664434772904,1.755083996463307,2.1469702042182797,2.8119429590017826,2.486664434772904,2.7971824686940963,2.1469702042182797,4.240227272727274,4.691322073383809,3.8439789377289375,3.5311589982527662,0.8752206531332745,1.0707510322508649,0.9000884173297967,1.0258899676375404,1.1593137254901962,1.0707510322508649,1.162119856887299,1.0258899676375404,1.3927272727272726,1.4761793826441467,1.3524496336996337,1.331508444962143,0.6357568839621953,0.5850767171885708,0.6274481058367194,0.5887538023783514,0.5596683465842412,0.5850767171885708,0.5581103894569668,0.5887538023783514,0.5208044053036172,0.5017442004090559,0.5200575157780665,0.5188789194505176,0.18628594221900718,0.1754185792699782,0.18498533297453562,0.1758401930207874,0.1691634371157777,0.1754185792699782,0.16934651941275067,0.1758401930207874,0.16314034671801064,0.16284195826789757,0.1645410991099208,0.16458989473245436,0.8729468914612408,0.8070879599429106,0.8666080072285295,0.8330925613170573,0.7834592204699838,0.8070879599429106,0.7831830772533496,0.8330925613170573,0.661033705499968,0.6083688088601044,0.6943608939810875,0.702364194017632,0.03470245226842328,0.03077167795309763,0.03421957341569982,0.030919773481587767,0.02861626845682367,0.03077167795309763,0.02867824363721314,0.030919773481587767,0.026614772727272726,0.026517503372523697,0.027073773296300774,0.027089833448040408,1.0
1.0255376344086022,1.2085680150196279,1.1144883485309018,1.780337941628264,1.8167459239130435,1.2085680150196279,2.2149965682910087,1.780337941628264,2.8824652777777775,2.9122680598090436,4.202836879432624,4.458295802558098,0.6713709677419355,0.7419354838709677,0.6764606551840594,0.9027137736815156,0.9424252717391305,0.7419354838709677,0.9727179135209334,0.9027137736815156,1.2057291666666665,1.184651414159611,1.3443262411347519,1.4339758602053685,0.6979376983172051,0.6733426827164968,0.7023771051305469,0.6259736442556825,0.6091608700138511,0.6733426827164968,0.6172641347217602,0.6259736442556825,0.540669772420445,0.5550902045932269,0.5377850370271923,0.5076833838685701,0.2090818045614452,0.20512570728354146,0.2143799714400521,0.19198194370598443,0.1861347958835176,0.20512570728354146,0.19144353859938731,0.19198194370598443,0.17350239651723035,0.18013141702477112,0.17683288216812085,0.17139358709391894,0.925647647330989,0.9094298545559604,0.9175935254255153,0.8668226726209824,0.86725068245877,0.9094298545559604,0.8312415030469248,0.8668226726209824,0.7861352745694719,0.763987583144531,0.663484562088918,0.6394907775746639,0.043715200998670364,0.04207655578857314,0.04595877215463756,0.03685706670912778,0.03464616223859877,0.04207655578857314,0.0366506284714551,0.03685706670912778,0.030103081597222223,0.032447327399352,0.03126986821588451,0.029375761696920782,1.0
2.6233823529411766,3.968875651526433,2.816897262290256,3.5081161578555466,4.3568452380952385,3.968875651526433,5.031902206320811,3.5081161578555466,5.839786585365855,7.281802534814583,7.463127294981639,6.954936629635424,1.1219117647058825,1.4002978406552495,1.1775095672652338,1.355919583023083,1.479166666666667,1.4002978406552495,1.6004770423375072,1.355919583023083,1.7489329268292684,1.8995462368956346,1.9469094247246024,1.9363166953528397,0.5672729132278669,0.5068451151522864,0.5535652061617022,0.5074568584628568,0.4881027255526002,0.5068451151522864,0.4686547682040611,0.5074568584628568,0.43764683464580517,0.42855721960471516,0.41861952502049815,0.41186252905441534,0.16768846237957133,0.1569656281862582,0.1660330244977337,0.1574211840975939,0.15262518791971508,0.1569656281862582,0.15065782430735394,0.1574211840975939,0.14596241560682632,0.14710039266752925,0.14493967404582406,0.1445953309079884,0.8444152838248957,0.7558363922698745,0.830233623831253,0.7843583021902863,0.7367324309172966,0.7558363922698745,0.6870227541148215,0.7843583021902863,0.6351842400187276,0.5079911748907963,0.5152612156794959,0.5275810574535367,0.028119420415224913,0.024638208431906655,0.027566965223865036,0.02478142920268855,0.023294447987528343,0.024638208431906655,0.022697780025025528,0.02478142920268855,0.021305026769779897,0.021638525522941297,0.02100750911250972,0.020907809720390667,1.0
3.1456876456876453,4.033868092691622,1.3800461361014993,2.9578134284016637,7.2265625,4.033868092691622,2.671176470588235,2.9578134284016637,11.674999999999999,12.148782093482554,4.735906862745098,9.262672811059906,0.8927738927738929,1.0249554367201426,0.7226066897347174,0.9269162210338681,1.3515625,1.0249554367201426,0.9852941176470589,0.9269162210338681,1.751923076923077,1.8657011191573403,1.3376225490196076,1.6036866359447008,0.6880990891576625,0.659610728890902,0.6948440818967992,0.666180114847801,0.6128214745222568,0.659610728890902,0.6344679739458877,0.666180114847801,0.5614041151970952,0.5355448825474285,0.5610863340684781,0.5625365970494953,0.23057784439746482,0.22183662581503658,0.22872585945849988,0.22418592779561902,0.21340481856447963,0.22183662581503658,0.21291680068477647,0.22418592779561902,0.207143545371845,0.20220098027402317,0.19663867572491855,0.20938862070015646,0.8546530464127832,0.8104151087708938,0.9386022129958447,0.8581790184531043,0.6337119523802656,0.8104151087708938,0.8804406381016681,0.8581790184531043,0.34872265624219095,0.3210394926740298,0.7853286395699213,0.44736115897140805,0.05316614232698149,0.04921148855300055,0.05231551878502944,0.0502593302215825,0.045541616586538464,0.04921148855300055,0.04533356401384083,0.0502593302215825,0.04290844838921762,0.04088523642377591,0.038666768790849675,0.04384359447871399,1.0
1.72953216374269,2.130534979423868,1.4439024390243904,2.3548971193415635,3.261019736842105,2.130534979423868,2.5184574818721157,2.3548971193415635,5.346997300944668,4.954048898907577,4.258130081300813,5.639153806138374,0.8192007797270954,0.9815637860082306,0.7967479674796748,0.9850205761316873,1.1327302631578946,0.9815637860082306,1.0728411338167436,0.9850205761316873,1.47891363022942,1.5189873417721518,1.3841463414634148,1.5115311253684758,0.6644847902411514,0.6114287926941522,0.6623677334104882,0.6149453324474633,0.588084004953644,0.6114287926941522,0.5892385002708368,0.6149453324474633,0.5171195163810554,0.4971566213731122,0.525886952199428,0.513673760045312,0.2213296045910033,0.20647796187699116,0.22030714233116847,0.20965643262949352,0.2009128018503759,0.20647796187699116,0.20050824293690034,0.20965643262949352,0.18706237634299713,0.18198211009642856,0.186129959248542,0.1886890175121677,0.8928076051789676,0.8656437276795674,0.9125132451236739,0.8514017978144073,0.7899435033681002,0.8656437276795674,0.8454501779430382,0.8514017978144073,0.6301140813028953,0.6491845295038708,0.7343136410964758,0.60430008569564,0.04898679386840986,0.04263314874087622,0.04853523696212572,0.04395581974292535,0.040365953947368416,0.04263314874087622,0.04020355548564304,0.04395581974292535,0.0349923326430891,0.03311748839514865,0.034644361729863904,0.03560354532970713,1.0
1.5817663817663818,2.2743105950653124,1.610062893081761,2.1538461538461537,2.796875,2.2743105950653124,2.915501165501166,2.1538461538461537,4.38231780167264,5.095860566448802,4.734242424242424,4.304077186430128,0.8421652421652422,1.018577648766328,0.8364779874213836,0.9793904208998548,1.1440972222222225,1.018577648766328,1.1363636363636362,0.9793904208998548,1.441457586618877,1.509181450357921,1.4366666666666665,1.4102085278555865,0.647325175506171,0.5990242197618617,0.6517570983275756,0.613236009601074,0.5689922013186898,0.5990242197618617,0.5774446682530779,0.613236009601074,0.5086427115747607,0.5088107476036607,0.5237879225755748,0.5174346473810103,0.22512855845908353,0.211127082338308,0.22597574481749097,0.2176141070116654,0.20419550139667098,0.211127082338308,0.20661199814127532,0.2176141070116654,0.19158405528575104,0.18971871746735547,0.19449777571133686,0.19668144939598714,0.8980534344843133,0.8501509075602066,0.8956450567643321,0.8578375452399596,0.8162330929836861,0.8501509075602066,0.8070679876089857,0.8578375452399596,0.7010237239226974,0.6370124376201607,0.6767030108608454,0.6889090127622722,0.050682867833864984,0.04457464489668668,0.0510650372458198,0.047355899570484555,0.04169580279063786,0.04457464489668668,0.04268851777593036,0.047355899570484555,0.036704450239733705,0.03599319175745825,0.037829384756657494,0.03868359253650625,1.0
1.6058583611420096,2.0401810979060553,2.1166480029861887,3.2497641954348238,2.835082458770615,2.0401810979060553,3.8715805471124614,3.2497641954348238,4.527777777777779,4.097502497502497,5.389282899921197,6.207192807192806,0.7912495365220616,0.894359554800981,0.8620754012691304,1.0996038483305035,1.0880809595202399,0.894359554800981,1.191869300911854,1.0996038483305035,1.3994252873563218,1.2907092907092907,1.4684791174152878,1.6213786213786212,0.6742148549002214,0.644936489185107,0.6658985927226002,0.6057594256587596,0.5943742646559366,0.644936489185107,0.588333800566125,0.6057594256587596,0.5303301666462168,0.5532735486651548,0.532366592073579,0.5037644404040791,0.18487358224964895,0.1788422411915507,0.18394001633605894,0.17001607918664882,0.16527386713415926,0.1788422411915507,0.16699246752820449,0.17001607918664882,0.15198804402336796,0.16011477408876462,0.157148424280248,0.15094676995667028,0.9044848218363072,0.8769426221176274,0.8742687556517105,0.8040130711346445,0.8295142718017781,0.8769426221176274,0.7665118019065119,0.8040130711346445,0.723299270676488,0.7389386733670937,0.6692589932577809,0.6083762997109798,0.034178241413817714,0.031984547234416794,0.033833929609709636,0.028905467182000846,0.02731545115747973,0.031984547234416794,0.027886484211158434,0.028905467182000846,0.02310036552604924,0.02563674088149613,0.024695627253764837,0.02278492736035194,1.0
0.8386886102403345,1.2333201215484209,1.0606060606060606,1.3565860747787029,1.5083245243128964,1.2333201215484209,2.015988372093023,1.3565860747787029,2.5489718614718613,2.901730103806228,3.4375000000000004,3.1433910034602084,0.557601880877743,0.6860879904875149,0.6131138975966562,0.7068304927995771,0.7686310782241013,0.6860879904875149,0.8611257928118392,0.7068304927995771,1.021374458874459,1.0802768166089964,1.1490800865800865,1.1035294117647056,0.7475141130364255,0.7063367927787038,0.7322379465658543,0.6996938436401787,0.6791064602305885,0.7063367927787038,0.6607902973805801,0.6996938436401787,0.611128303298868,0.6022212648736512,0.5924955513877095,0.5969217043036025,0.24713389257985324,0.23472731709551575,0.24369624604218923,0.23136513800432662,0.22374140240171095,0.23472731709551575,0.22119450317124736,0.23136513800432662,0.20653254509616237,0.20685309802906549,0.20531150928276876,0.20596555557590576,0.9223458463405769,0.8825977941601006,0.9009674662721854,0.8708862631013308,0.8577724924760558,0.8825977941601006,0.8070940902271105,0.8708862631013308,0.7510494362002842,0.6971355712506084,0.6542198663910076,0.6734733600661221,0.06107516086167044,0.05509691339085881,0.05938786033505523,0.0535298270837611,0.05006021514868435,0.05509691339085881,0.04892700823317496,0.0535298270837611,0.04265569218389834,0.042788204164222174,0.04215281584396844,0.04242181008369152,1.0
1.158450704225352,1.3018363344624708,1.0697960618846694,1.658940987698342,1.9842857142857142,1.3018363344624708,1.6387108262108263,1.658940987698342,2.8139705882352946,2.068511198945982,2.2099780701754383,2.9956709956709955,0.6894366197183098,0.7463005883401675,0.6566455696202532,0.8509538242110893,0.9417857142857143,0.7463005883401675,0.8698361823361823,0.8509538242110893,1.1397058823529413,0.9907773386034255,1.03015350877193,1.1925465838509317,0.6987135610532462,0.6779351316378993,0.7098285433896006,0.6468198319351404,0.6207370114781878,0.6779351316378993,0.6360051353999318,0.6468198319351404,0.5707426485087835,0.6010836627716423,0.5907454490987771,0.5548263856400449,0.27308557087846924,0.26730150958579385,0.2774072195880535,0.2559265291056413,0.2505131213720987,0.26730150958579385,0.25338187699494974,0.2559265291056413,0.2413781438003414,0.24967464534270303,0.2438969409970278,0.2365044323772938,0.8246168165027122,0.8007630996376734,0.8403596700181061,0.7465063946786646,0.693092877244947,0.8007630996376734,0.752854871093833,0.7465063946786646,0.5467993526792058,0.6596388159609382,0.660767366792738,0.5162642745692261,0.07457572902201944,0.07145009702684425,0.07695476547957453,0.06549838830006065,0.06275682397959184,0.07145009702684425,0.06420237558948384,0.06549838830006065,0.05826340830449828,0.06233742852700454,0.05948571782770767,0.055934346534105936,1.0
1.2465899403239558,2.6359506813757303,1.4326226012793177,1.2251784555483456,2.6381920415224913,2.6359506813757303,2.976839826839827,1.2251784555483456,4.916889483065954,8.113203214695751,5.740848214285714,3.056486796785303,0.6442881500426257,0.8808133246809431,0.6884861407249467,0.6753190568894657,0.9050605536332179,0.8808133246809431,0.9448051948051948,0.6753190568894657,1.1931818181818183,1.4982778415614233,1.2662946428571429,0.9701492537313432,0.7248544183284231,0.6721036072069299,0.7115329694579362,0.7066187728481826,0.6577235024354271,0.6721036072069299,0.6502737464718676,0.7066187728481826,0.6092776780377702,0.578317964847644,0.6008038001283975,0.6353819502078845,0.26982686398714595,0.2580613459987999,0.2656596628908619,0.26502518068977854,0.25296094556583537,0.2580613459987999,0.25164830207505384,0.26502518068977854,0.24617289836877146,0.24245805401986661,0.24383031938057803,0.2559187960503229,0.9354696316725054,0.8597895246358647,0.9252306547643062,0.9343523087146518,0.861212470750493,0.8597895246358647,0.8404289942929303,0.9343523087146518,0.7337227960064152,0.5247211303386313,0.6785736227115292,0.8175177958736716,0.07280653652913777,0.0665956582987123,0.07057505648728638,0.07023834639964976,0.06398923998156153,0.0665956582987123,0.06332686793725754,0.07023834639964976,0.06060109589128149,0.058785907959100554,0.059453224649234686,0.06549443017184677,1.0
1.171897546897547,1.551147842056933,1.3829090909090909,1.9149678604224056,2.0269679300291545,1.551147842056933,2.434074074074074,1.9149678604224056,3.2306547619047614,2.9126629060494063,3.841730769230769,4.031316864423264,0.7014790764790765,0.8286501377410469,0.7701818181818181,0.9232323232323233,0.9063411078717202,0.8286501377410469,1.0414814814814817,0.9232323232323233,1.1290922619047619,1.1289632367243725,1.2798076923076924,1.3182260260649679,0.6909613033034839,0.64711683477884,0.6685023625023625,0.6207372162403368,0.6340502946965463,0.64711683477884,0.5899525973042423,0.6207372162403368,0.5811777158041169,0.5693952443652395,0.5445101066195179,0.5349840906514604,0.25156667165575564,0.23752847909927435,0.24407342073798982,0.2317061167983144,0.23579097400965862,0.23752847909927435,0.22393475926268272,0.2317061167983144,0.22485215684966142,0.22318650995022007,0.21727433372277213,0.2177257193841684,0.8945634542222334,0.8554975015603454,0.8760713023080512,0.821439534344721,0.8101174280721452,0.8554975015603454,0.7747203207387324,0.821439534344721,0.67828016954945,0.6881842464208612,0.6239427236413992,0.5677072403121609,0.06328579028795478,0.05641977838321441,0.059571834710743794,0.053687724561754115,0.055597383424423504,0.05641977838321441,0.05014677640603567,0.053687724561754115,0.05055849243994474,0.04981221822375969,0.04720813609467456,0.047404488881353644,1.0
0.6683809523809524,1.513119533527697,1.0202156334231804,0.9640427599611272,1.3251923076923076,1.513119533527697,2.0591588050314464,0.9640427599611272,2.353921568627451,4.0483371204296645,3.5313781788351113,2.260483371204297,0.48400000000000004,0.756268221574344,0.6097420100115518,0.6184645286686103,0.7101923076923076,0.756268221574344,0.8972091194968553,0.6184645286686103,0.9519607843137254,1.265441024581698,1.1991386382280558,0.9809956620532947,0.7744482128152717,0.6836945695661475,0.7319686688467408,0.7221812548007026,0.6929214442031957,0.6836945695661475,0.6441436172672976,0.7221812548007026,0.6236569858442775,0.5635059607442435,0.5719541544842902,0.6109081590615666,0.28681325155899134,0.25685680893146284,0.27231901646111256,0.26794164347659327,0.2550495948986945,0.25685680893146284,0.24388323801617393,0.26794164347659327,0.2369459988735001,0.22694269797809802,0.22609051350294185,0.23677039433193678,0.9473377015997331,0.8734312819985657,0.9180120605596531,0.9207483023955554,0.8928803734069616,0.8734312819985657,0.8290607228925017,0.9207483023955554,0.7997081725871004,0.6215709756834107,0.6947326466466478,0.7893535160522291,0.08226184126984125,0.06597542029445402,0.0741576467263477,0.07179272430893781,0.06505029585798816,0.06597542029445402,0.059479033785253745,0.07179272430893781,0.05614340638216071,0.05150298816557822,0.051116920296023924,0.056060219632100845,1.0
3.5505879135903746,3.4585231193926846,3.0272108843537415,3.867218771566598,4.473917869034406,3.4585231193926846,3.7829670329670324,3.867218771566598,5.625214408233277,4.712215620924504,4.762324929971989,5.55962903926967,1.2388569866010388,1.2467908902691511,1.1306122448979592,1.2985507246376813,1.4170366259711429,1.2467908902691511,1.2903846153846155,1.2985507246376813,1.6146369353916523,1.5080423127083034,1.4788515406162464,1.6042602521373714,0.5558320964400774,0.5506974099158376,0.5820633033569774,0.5431278691756026,0.5185181610720796,0.5506974099158376,0.5445864008414815,0.5431278691756026,0.4798751329858205,0.4921697326673914,0.5031758542088791,0.4780690541520358,0.17623295106610976,0.17493336155820596,0.18287445253348286,0.17366688682214884,0.16808193175586783,0.17493336155820596,0.1736777683358022,0.17366688682214884,0.16013741887668678,0.16316031881633236,0.1648163656959207,0.16088221568694347,0.7247237650072401,0.7281991241204334,0.7675081995907038,0.6962363705010455,0.6460225146441504,0.7281991241204334,0.7058876002074395,0.6962363705010455,0.5401031934433176,0.605024173277939,0.6227924025846905,0.5375140058488778,0.031058053041469833,0.030601680986054015,0.03344306538942108,0.030160187578497054,0.028251535782784207,0.030601680986054015,0.030163967214104574,0.030160187578497054,0.02564399292448744,0.026621289636247224,0.027164434401211465,0.0258830873243402,1.0
1.2601953601953602,1.6250154340041978,1.2017586712261845,1.8147919496234104,2.2861728395061727,1.6250154340041978,2.144268774703558,1.8147919496234104,3.7252525252525253,3.4908950019372336,3.2383720930232553,3.798786000258298,0.7305250305250306,0.8646746511915052,0.7291157791890571,0.8922089146808249,1.0051851851851854,0.8646746511915052,0.9995059288537549,0.8922089146808249,1.293939393939394,1.293555469456283,1.2591001011122345,1.3005295105256358,0.6826452023103606,0.6360907875278267,0.6789610127516388,0.6323531729307563,0.6030763375435317,0.6360907875278267,0.5978530943685739,0.6323531729307563,0.5361197069208935,0.5293468395967114,0.5326269324639952,0.5371935022626665,0.23923929140950043,0.22454593611123858,0.23813510633369456,0.2258799623165536,0.2161090570145098,0.22454593611123858,0.2152831751715848,0.2258799623165536,0.20198776570409716,0.2004176774095461,0.2001849088885075,0.20327968484264583,0.8820516049257128,0.8432258273819196,0.8889043178242887,0.8251568658879413,0.7787213160850643,0.8432258273819196,0.7968349583435844,0.8251568658879413,0.6178055081783603,0.620755519046642,0.6818139366917365,0.5931048471380713,0.05723543855411987,0.05042087742407243,0.05670832886856001,0.05102175737612767,0.046703124523700644,0.05042087742407243,0.046346845511959264,0.05102175737612767,0.04079905749413325,0.04016724541823689,0.04007399774670005,0.04132263026972541,1.0
0.9460749646393211,2.1360936093609357,1.8759358288770054,2.028622862286228,1.5210714285714289,2.1360936093609357,3.460965867828613,2.028622862286228,2.413083090379008,3.986277873070325,4.969457013574662,4.506765770916714,0.5744342291371993,0.8518451845184518,0.7814616755793227,0.8286228622862286,0.7496428571428572,0.8518451845184518,1.0717138707334786,0.8286228622862286,0.9334912536443148,1.2429959977129788,1.3729260935143288,1.2801600914808464,0.7446508300421464,0.6676246743132261,0.6900855544227263,0.6743458055429717,0.6869538872270673,0.6676246743132261,0.622412908446595,0.6743458055429717,0.6424117567947999,0.5694305987088578,0.5574967431253153,0.5747650668905775,0.2364568097359577,0.21358686432814453,0.2215664046535466,0.21585029210961768,0.21767073406727822,0.21358686432814453,0.2034814132695756,0.21585029210961768,0.20628995110590143,0.19159433561108025,0.18920526347831104,0.1925433038144952,0.9305507494914925,0.8400503571981838,0.8615305839029307,0.8477396500323252,0.8867688860570159,0.8400503571981838,0.739784474256857,0.8477396500323252,0.8158710389032396,0.6834111173277504,0.6171410196143398,0.6410337058481159,0.055911822870506896,0.04561934861352922,0.04909167167109916,0.04659134860380727,0.04738054846938775,0.04561934861352922,0.041404685546183824,0.04659134860380727,0.042555543927275195,0.03670838943825125,0.0357986317278971,0.037072923843801,1.0
1.2136363636363636,1.9249516441005805,1.7936930091185412,2.43752417794971,2.1782407407407405,1.9249516441005805,3.366847826086956,2.43752417794971,3.5220352564102564,3.950104821802935,5.694805194805196,6.068343815513627,0.7053030303030303,0.8897485493230174,0.8187689969604863,0.9922630560928433,0.9891975308641975,0.8897485493230174,1.1665372670807452,0.9922630560928433,1.264022435897436,1.3253668763102726,1.5844155844155843,1.6473794549266247,0.6942727939786764,0.6429010578096936,0.672825061018153,0.6214734076030208,0.6060814717432366,0.6429010578096936,0.5832474665216016,0.6214734076030208,0.5471095952329272,0.5377471707880739,0.5017688182355355,0.4911938207528569,0.20219752318917852,0.19012939497937528,0.19876595196216743,0.18536682643390226,0.18064126909257228,0.19012939497937528,0.1769087800687522,0.18536682643390226,0.16973094517500337,0.16973987160582868,0.16134436373972022,0.1610799752768434,0.9312969843582397,0.8861237946947714,0.8964401877393138,0.8573549305459748,0.8755788586946615,0.8861237946947714,0.8018593888240519,0.8573549305459748,0.7964513837394345,0.7493425368738692,0.6555732485560986,0.6289852229119562,0.04088383838383838,0.0361491868352233,0.03950790365942665,0.03436086034217645,0.0326312680993751,0.0361491868352233,0.03129671646541414,0.03436086034217645,0.02880859375,0.028811624012763208,0.026032003710575142,0.02594675843518848,1.0
1.0473068745570517,1.1300125876640894,0.9763681592039801,1.6336989750044955,2.03909612625538,1.1300125876640894,1.696067821067821,1.6336989750044955,3.6505514705882356,2.2892687559354226,2.874255952380952,4.231339031339031,0.6273919206236712,0.700593418449919,0.6345060412224592,0.793202661391836,0.8963414634146342,0.700593418449919,0.8515512265512266,0.793202661391836,1.1954044117647058,1.0292497625830959,1.1037946428571426,1.2721747388414055,0.7231748091720159,0.6902807438999619,0.7148594720104816,0.670764420762756,0.6402849390211443,0.6902807438999619,0.6472860137545778,0.670764420762756,0.5719650533547136,0.5933390473435354,0.5836418717970633,0.558871070342387,0.2359262043498223,0.2245221325783742,0.23127148959628446,0.21940246849150635,0.21266400430788854,0.2245221325783742,0.21122511245911116,0.21940246849150635,0.2007980738393983,0.20442786076133132,0.19717840989923965,0.19683611110657365,0.9256160397589523,0.918664136703348,0.9320100357770057,0.8827475742452395,0.8510924918061098,0.918664136703348,0.8807702811465837,0.8827475742452395,0.7193573619979463,0.8206596084152612,0.7946358807043076,0.6733768482555664,0.05566117389891412,0.05041018801754104,0.05348650190008431,0.04813744318016644,0.045225978728265635,0.05041018801754104,0.04461604813336415,0.04813744318016644,0.04031986645761245,0.04179075025545427,0.03887932533039257,0.03874445463555941,1.0
2.7075396825396827,3.4699618243922044,2.197389240506329,3.756077958609604,5.301612903225806,3.4699618243922044,4.275440705128205,3.756077958609604,8.972499999999998,7.992122631466893,6.626233552631579,8.593996167766658,1.0289682539682539,1.2171991159332933,0.9454113924050634,1.2196102069519794,1.4818548387096777,1.2171991159332933,1.3379407051282053,1.2196102069519794,1.98,1.8669363423461784,1.7051809210526316,1.9071747924206945,0.6143292144306285,0.5632472815950157,0.6308240106078832,0.5748175974505847,0.516906455671054,0.5632472815950157,0.5443102581618843,0.5748175974505847,0.44183571573608266,0.45663101134218165,0.48132205435491415,0.45838870517557484,0.18009469353497282,0.16787903576639854,0.18313591829835627,0.17035592271591096,0.15952257073003964,0.16787903576639854,0.1626452070055919,0.17035592271591096,0.14840061676271954,0.14978473738638157,0.15120177698435672,0.15056737497317516,0.8556824799224446,0.8125452578229629,0.8847015198201019,0.7970989689505028,0.7094309037455162,0.8125452578229629,0.7725847407204653,0.7970989689505028,0.4825861394420863,0.5306619886336817,0.638045446452632,0.49462846510584507,0.032434098639455775,0.02818337064985572,0.03353876457098222,0.029021140404389426,0.0254474505723205,0.02818337064985572,0.026453463361891843,0.029021140404389426,0.022022743055555558,0.022435467553907296,0.022861977363227145,0.022670534406312733,1.0
1.678494623655914,1.9034080554036816,1.6992426974395964,2.6531802442135963,3.056340579710145,1.9034080554036816,3.011371973587674,2.6531802442135963,4.803888888888889,2.93040293040293,4.70516717325228,6.1283979178716015,0.8046594982078853,0.8547475852013849,0.8200504868373604,1.0413705121195553,1.1168478260869565,0.8547475852013849,1.1188554658840792,1.0413705121195553,1.4246296296296295,1.1818006554848661,1.4103343465045595,1.607865818392134,0.6691023405091784,0.6533708197582208,0.6621662150728507,0.6003701798515516,0.5832412087838399,0.6533708197582208,0.5814825917375384,0.6003701798515516,0.518105362398857,0.5504621343513462,0.5199040639824806,0.48612581226615564,0.222116404450894,0.2159456289621349,0.21938534813192534,0.20274169973408324,0.19907104149804658,0.2159456289621349,0.19821145985807564,0.20274169973408324,0.18575246445774604,0.1937662752065312,0.18742174390801739,0.18252844659355863,0.8998391444771598,0.8839877316219009,0.8987108111503384,0.8387525824907793,0.8139853018508802,0.8839877316219009,0.8177986727735811,0.8387525824907793,0.6956240202014158,0.8068962567452463,0.7072690957130349,0.6012082787082716,0.04933569712619313,0.04663251466785203,0.04812993097496608,0.04110419681106516,0.03962927956311699,0.04663251466785203,0.039287782819069535,0.04110419681106516,0.034503978052126204,0.03754536940741318,0.035126910089522456,0.03331663381585759,1.0
1.400263409961686,1.246218995765275,1.1244019138755983,2.3036902601330906,2.6870155038759687,1.246218995765275,2.2198984526112184,2.3036902601330906,4.510664682539682,2.562555344718533,3.841773715415019,5.377988614800759,0.7029454022988505,0.7061101028433151,0.6342105263157894,0.8885662431941923,0.9685077519379846,0.7061101028433151,0.8905947775628629,0.8885662431941923,1.2487599206349207,1.020999367488931,1.1577322134387351,1.3676154332700825,0.7051562750690479,0.6953966817410473,0.7247935365959983,0.6565022138219652,0.6372782644035178,0.6953966817410473,0.6516754034407076,0.6565022138219652,0.5833195299214997,0.6103875938972767,0.5963510735317643,0.5632786970686762,0.23307190515641046,0.22877174937292363,0.23964969942513936,0.22080103402488116,0.21487922002421558,0.22877174937292363,0.21861098606472457,0.22080103402488116,0.20493391155251467,0.2091481801594218,0.20703091780790875,0.2020111233856725,0.9109403418865688,0.919504049785336,0.9286179119013321,0.8511994060016473,0.8261063995502386,0.919504049785336,0.8570226501296944,0.8511994060016473,0.6981751922838172,0.8228841505005566,0.7454812282441851,0.6290001515108067,0.05432251297323879,0.05233651331114779,0.05743197843455964,0.04875309662645673,0.04617307919821525,0.05233651331114779,0.0477907632281912,0.04875309662645673,0.0419979081042139,0.04374296126399796,0.04286180092838507,0.040808493971541404,1.0
1.3314007421150282,2.3369539551357734,1.8130536130536132,2.06517119244392,2.3183740601503753,2.3369539551357734,3.5693257359924027,2.06517119244392,3.948841698841699,5.636981132075471,6.329881656804734,4.534591194968553,0.7265769944341373,0.9541912632821723,0.889044289044289,1.0049586776859505,0.9889567669172932,0.9541912632821723,1.292497625830959,1.0049586776859505,1.3026061776061775,1.5866666666666664,1.7470414201183433,1.570566037735849,0.6887331564504142,0.6280991374066403,0.637344546190369,0.5945891218190684,0.6082172885246621,0.6280991374066403,0.5350832968968693,0.5945891218190684,0.5336999731720126,0.48152654665245553,0.4535798570289375,0.4631412014547068,0.19796312851108377,0.18289550345526748,0.1844672830170786,0.17392085432230858,0.17731366008358143,0.18289550345526748,0.16280741939916518,0.17392085432230858,0.16355201360553542,0.15634749559042527,0.14990989607807562,0.15321085186096223,0.9110155659788338,0.8423139641948123,0.8798684782829562,0.8606223988904336,0.8424334243879459,0.8423139641948123,0.7625147209387999,0.8606223988904336,0.7227139467241261,0.6016852616656814,0.5747367967728948,0.6785746450188945,0.039189400249895874,0.03345076518415576,0.034028178503702974,0.03024846356820168,0.031440134052235856,0.03345076518415576,0.02650625581141567,0.03024846356820168,0.026749261154425243,0.024444539377398045,0.022472976942139435,0.023473565127961712,1.0
1.8126849894291757,2.9138041391081715,1.5281484570475397,1.9419671431619376,3.7313852813852812,2.9138041391081715,2.9061447811447807,1.9419671431619376,5.825454545454547,6.920218828356508,4.615994854202401,4.511739229541828,0.8122621564482029,1.0661403883080862,0.7958715596330276,0.8713462769362065,1.1461038961038963,1.0661403883080862,1.1014309764309764,0.8713462769362065,1.4831818181818184,1.7025302028721223,1.4157375643224699,1.315021654889446,0.6742429834184088,0.6060683591417154,0.6654394988647289,0.6505713960218253,0.6028422464475391,0.6060683591417154,0.5889048138145757,0.6505713960218253,0.5366516647016424,0.4874348994815179,0.5202817834618046,0.5542690095266671,0.20879152652954233,0.1923630871962018,0.20405228593224348,0.20184670262449222,0.19121634040116997,0.1923630871962018,0.1870640927101855,0.20184670262449222,0.1798320497455959,0.17292164953890807,0.1760728975439927,0.18443721717777686,0.9055894477284693,0.8443760968907255,0.9211300108996238,0.896490041371389,0.799799133250607,0.8443760968907255,0.8464461161849284,0.896490041371389,0.6753864240766495,0.5915878755881514,0.7454361399304473,0.7325132592028961,0.04359390155053658,0.03700355731565354,0.04163733539417405,0.0407420913603802,0.03656368883641611,0.03700355731565354,0.03499297478148488,0.0407420913603802,0.03233956611570248,0.029901896879256942,0.03100166524953735,0.03401708708028243,1.0
0.616674769081186,0.9532502775379302,0.7631514558355763,1.0551375354631798,1.148406862745098,0.9532502775379302,1.5145305514157974,1.0551375354631798,1.8680209371884349,2.240465416936005,2.353355532786886,2.4364576599870715,0.42197374817695676,0.5649438756630073,0.48495228774161975,0.5834464043419267,0.6136029411764705,0.5649438756630073,0.7177098857426727,0.5834464043419267,0.8214107676969095,0.9437621202327083,0.9683657786885246,0.9494505494505494,0.8073458023914143,0.7527010057816829,0.7831847430888869,0.750720023440911,0.739867910823403,0.7527010057816829,0.7092194538240826,0.750720023440911,0.6768625168663112,0.6384587542011279,0.6319043411817736,0.6458705174903265,0.29695578578938897,0.27751290267210466,0.2902826685247128,0.2764134670485389,0.26872314740271114,0.27751290267210466,0.2609381533869201,0.2764134670485389,0.2500518703973711,0.24329221694230388,0.23818946218140227,0.24248565765723204,0.949171770983908,0.9183476375665236,0.9360192877484065,0.9097305772600601,0.9036632054847294,0.9183476375665236,0.8691178079324605,0.9097305772600601,0.8378069804961602,0.790066575456681,0.7890093015524708,0.7724985703298364,0.08818273871379348,0.07701341114949704,0.0842640276458283,0.07640440476579372,0.07221212995001922,0.07701341114949704,0.06808871989297584,0.07640440476579372,0.06252593788922367,0.05919110282470106,0.05673421989426566,0.05879929416946033,1.0
2.0235535074244755,3.490165224232888,2.2791904514789825,2.6546026750590084,3.6125776397515534,3.490165224232888,4.365425531914894,2.6546026750590084,5.852645502645502,8.455621301775148,6.924972004479282,5.727528881375035,0.9180747567844342,1.2090217676370314,0.9828749351323302,1.087857330186205,1.2399068322981368,1.2090217676370314,1.378723404255319,1.087857330186205,1.5621693121693125,1.8948999718230486,1.7519596864501679,1.624401239785855,0.635207268683457,0.5714745308058289,0.6197855122767362,0.5884010892863809,0.5583897445479811,0.5714745308058289,0.5364295501922551,0.5884010892863809,0.5030441597741439,0.45895326714202733,0.4734297422707203,0.481020100759368,0.20919969686026282,0.19445971192512687,0.20469358908452054,0.19755542429499579,0.1916749902724183,0.19445971192512687,0.1846135527935492,0.19755542429499579,0.17974316724159511,0.17101273956937307,0.17111836947433434,0.1760635621018642,0.8788738927087176,0.7873504140405477,0.8658699862750103,0.8388737412606887,0.778109641499001,0.7873504140405477,0.7399685120230972,0.8388737412606887,0.6260109446981074,0.448604063867241,0.579509070686622,0.6237173314540227,0.043764513166425864,0.037814579562003334,0.04189946541230255,0.039028145668375806,0.03673930189593165,0.037814579562003334,0.03408216387505658,0.039028145668375806,0.03230760617004003,0.029245357095022215,0.029281496371554794,0.030998377899996987,1.0
2.007703081232493,2.82801795416962,1.8422150139017608,2.7077722655327197,3.7588095238095236,2.82801795416962,3.1869136960600377,2.7077722655327197,5.491319444444443,5.447467876039305,4.848076923076922,5.848576467624087,0.9218020541549953,1.1053626269785022,0.8746524559777572,1.05173635719348,1.254047619047619,1.1053626269785022,1.149859287054409,1.05173635719348,1.515625,1.5134794658604183,1.410096153846154,1.5280927185689088,0.6270465645286764,0.579960764395641,0.6407282332668164,0.5992395686966109,0.5532445511660213,0.579960764395641,0.5741427485630324,0.5992395686966109,0.511453068476793,0.5050789284285355,0.526010445010548,0.5219812560083411,0.19777152402079984,0.1866314102103477,0.20028616210423772,0.1916108609558421,0.18206861231919336,0.1866314102103477,0.18487768845370472,0.1916108609558421,0.17710070054003518,0.1788393438521648,0.17770943817276694,0.18030709886906898,0.8712987625491134,0.8150262379344503,0.8808979797252618,0.8232401224145587,0.7576450674735565,0.8150262379344503,0.7906217281415788,0.8232401224145587,0.638988936212431,0.6218418042545677,0.6709470379135101,0.5999050876266698,0.039113575713509804,0.03483128327710308,0.04011454673044499,0.03671472203623905,0.03314897959183673,0.03483128327710308,0.03417975968798511,0.03671472203623905,0.03136465813177122,0.03198351090947284,0.031580644415680474,0.03251064990258022,1.0
1.1198979591836733,1.5954533712219061,0.7984810126582278,1.2547145440454663,2.2942708333333335,1.5954533712219061,1.7223076923076925,1.2547145440454663,4.271195652173913,4.801326333241228,3.3139473684210525,2.8764852169107495,0.6887755102040817,0.815809868251098,0.550379746835443,0.7401188323430639,1.0098958333333334,0.815809868251098,0.8571794871794872,0.7401188323430639,1.3668478260869563,1.4363083724785852,1.2028947368421052,1.1555678364189002,0.6963467528383495,0.6610777480812584,0.7484155106248925,0.6782996500792481,0.6054828972313281,0.6610777480812584,0.6483390949446131,0.6782996500792481,0.5353019975788815,0.5231197672637301,0.5633167008405021,0.5654573778899918,0.23350185303032697,0.22377102559757608,0.25301919877655005,0.22793199951912282,0.20803429058457593,0.22377102559757608,0.22008336236647363,0.22793199951912282,0.19360988744397342,0.1922347310667095,0.20020142211853179,0.20026944944533645,0.9083236521043943,0.8664134014117529,0.9346598905424882,0.8940952906345356,0.8083723974198801,0.8664134014117529,0.8556496579282327,0.8940952906345356,0.6273643052323337,0.5620826902021865,0.7088146100064157,0.7292301017301265,0.05452311536859642,0.05007347189699105,0.06401871494952734,0.05195299640478541,0.04327826605902778,0.05007347189699105,0.04843668639053254,0.05195299640478541,0.03748478851606806,0.03695419182829013,0.04008060941828255,0.040107852381138176,1.0
1.218680504077094,2.2428169014084514,1.7188888888888887,1.860281690140845,2.104887218045113,2.2428169014084514,3.3066816816816815,1.860281690140845,3.3250773993808056,5.011514790549931,5.286651234567901,4.13579511614056,0.7231282431430689,0.968075117370892,0.8292592592592591,0.896525821596244,0.9796992481203005,0.968075117370892,1.1569069069069071,0.896525821596244,1.2035603715170278,1.478459400436768,1.5138888888888888,1.346833432598769,0.683621507767317,0.6174424026975467,0.6600166229357048,0.6344720435829615,0.6055239866594544,0.6174424026975467,0.5813144779441511,0.6344720435829615,0.5605993578277048,0.508159649640278,0.5038817427548696,0.5297350157262158,0.20571811593673844,0.19004425762165783,0.2009502460106534,0.19341838714459886,0.18497424926934616,0.19004425762165783,0.18130378047096898,0.19341838714459886,0.17518183344525087,0.16765094584507564,0.16645241751881695,0.17220044111941438,0.9209825134340044,0.8497010500399429,0.8859566559833271,0.8752956684976394,0.8623138993682015,0.8497010500399429,0.7724938653345716,0.8752956684976394,0.7784006817361404,0.6305137981853804,0.6081180394516583,0.693323941014528,0.04231994322456136,0.03611681985496705,0.040381001371742116,0.03741067248561793,0.03421547289275821,0.03611681985496705,0.03287106081306532,0.03741067248561793,0.03068867476923962,0.028106839642748484,0.02770640729785856,0.0296529919217209,1.0
1.1207345286292656,1.4504029304029302,1.366086956521739,1.9236630036630036,1.9842105263157896,1.4504029304029302,2.3763219741480612,1.9236630036630036,3.1107954545454546,2.8593196860089267,3.489281400966183,3.989225796521472,0.6843551185656448,0.8021978021978022,0.7530434782608695,0.9076923076923077,0.95,0.8021978021978022,1.0176263219741482,0.9076923076923077,1.198116028708134,1.150223179929198,1.264643719806763,1.3520086193627827,0.6977185684175444,0.6576696924772413,0.6773472628072091,0.6314311742609172,0.6143503504433806,0.6576696924772413,0.6027380279521349,0.6314311742609172,0.554072260620259,0.5638967107548193,0.53902019899258,0.5244707458951279,0.23319802912704063,0.2214639776332723,0.2285229229596025,0.21505419323632316,0.20864186654101427,0.2214639776332723,0.20775301862475667,0.21505419323632316,0.1958986569899518,0.20159315678694192,0.19451487476073806,0.19292726539872787,0.9185015933441386,0.893130527475267,0.9007681647514139,0.8584050929883552,0.8540050786889872,0.893130527475267,0.8257432392930109,0.8584050929883552,0.7657765523135117,0.7788665494662131,0.7391406974621987,0.6944500845535294,0.05438132078873609,0.049046293389150536,0.05222272631800042,0.04624830602852582,0.043531428473718416,0.049046293389150536,0.0431613167476985,0.04624830602852582,0.03837628381046679,0.04063980086332455,0.037836036503185615,0.037220929734231176,1.0
1.566043613707165,2.684935846665611,2.4959196484620216,3.3733565658165694,2.7512578616352203,2.684935846665611,5.411238825031928,3.3733565658165694,4.612980769230769,7.1530492898913955,9.652281746031745,9.29406850459482,0.7853582554517133,1.0014256296530968,0.9281230382925298,1.1316331379692697,1.0550314465408805,1.0014256296530968,1.398786717752235,1.1316331379692697,1.373878205128205,1.675689223057644,1.9429563492063489,1.9132832080200501,0.6752513161869951,0.6297861613827954,0.6571557069200723,0.6012896794534673,0.6051023272304714,0.6297861613827954,0.5636917740958097,0.6012896794534673,0.5437920717275346,0.5149278522577653,0.4931379623137765,0.48856217834536275,0.17850752717458354,0.1692594611705873,0.17631364027887678,0.1624931387370379,0.16155566649562084,0.1692594611705873,0.15624367432215674,0.1624931387370379,0.14804969085811062,0.1470852231846598,0.14363999869307223,0.14211024809818792,0.9390677413055374,0.8932954469029084,0.9018705506915048,0.8657701857867512,0.8919008504741559,0.8932954469029084,0.7841393585882146,0.8657701857867512,0.815314635597682,0.7029284623800607,0.608841700750504,0.6102582860186228,0.031864937257984685,0.028648765195757545,0.031086499748389156,0.026404020136614248,0.026100233376844268,0.028648765195757545,0.02441208576568818,0.026404020136614248,0.021918710963182122,0.021634062879281185,0.02063244922454579,0.020195322614528523,1.0
1.3322884012539187,1.8167641325536064,1.5029824561403509,2.0322523480418218,2.327410274454609,1.8167641325536064,2.662857142857143,2.0322523480418218,3.372306034482759,3.047797563261481,3.95462962962963,3.8854732895970017,0.7405085336119819,0.8920786815523658,0.7829824561403508,0.9218500797448165,0.9825826882477131,0.8920786815523658,1.052142857142857,0.9218500797448165,1.186242816091954,1.170759137769447,1.2905555555555555,1.2800374882849106,0.6803474634405223,0.6297023422225193,0.6680412570133728,0.6259407815668809,0.6127655181878888,0.6297023422225193,0.5953126633468033,0.6259407815668809,0.5642957234890743,0.5565519845762933,0.5432119723786593,0.5470230369608968,0.2284902218088916,0.21318565479765772,0.223491833338711,0.2127217237375492,0.20857100782427754,0.21318565479765772,0.2038314442206139,0.2127217237375492,0.19813688543095276,0.19797603724083634,0.1929293707875575,0.1958649880374038,0.8802030094368918,0.831242730666027,0.8639926123312712,0.8109658749648359,0.7850756138806789,0.831242730666027,0.7526807354933502,0.8109658749648359,0.6717477300739184,0.6877685641696412,0.6221900953202032,0.5988858947306179,0.05220778146227648,0.04544812341150608,0.04994859956909818,0.0452505317498742,0.04350186530483484,0.04544812341150608,0.04154725765306123,0.0452505317498742,0.0392582253682785,0.03919451132158502,0.03722174211248285,0.038363093538892334,1.0
1.706701030927835,2.7412196400489255,1.541335178139052,1.758168792591298,3.100520833333333,2.7412196400489255,2.759148486980999,1.758168792591298,5.281028368794327,6.725392428439518,4.438593294460642,3.3909510618651892,0.7685567010309279,1.0330246374279222,0.7879626426841924,0.8464092259304561,1.0723958333333334,1.0330246374279222,1.0948275862068966,0.8464092259304561,1.4125886524822695,1.657617728531856,1.395590379008746,1.194459833795014,0.6863887869934661,0.608070627329731,0.6702133132213178,0.6516632351583013,0.6040441088662294,0.608070627329731,0.5852159583210574,0.6516632351583013,0.5385307851660982,0.49165169141771936,0.5225219765082273,0.5622045294105548,0.24136521109221393,0.21831897157511562,0.23454286366754312,0.2296056446978536,0.21849563584187318,0.21831897157511562,0.21117448835001398,0.2296056446978536,0.20500962717895596,0.19585573683564478,0.1977026541308919,0.20956097219898642,0.8892625973033272,0.8205287939368247,0.9010405040246916,0.8846211281944513,0.7951428698958731,0.8205287939368247,0.8214394670970464,0.8846211281944513,0.6387754150593244,0.5336717448640254,0.7079686748429864,0.7625488566063467,0.05825716512558898,0.047663173349616145,0.055010354897371716,0.052718752077116994,0.04774034288194445,0.047663173349616145,0.04459466452989019,0.052718752077116994,0.04202894723605452,0.03835946965143334,0.03908633945039907,0.04391580106898436,1.0
1.7658730158730158,2.8301856335754643,2.536616565398145,3.4500403551251018,3.128205128205128,2.8301856335754643,5.398503578399479,3.4500403551251018,5.1031045751634,7.382388008857094,9.465128032345014,9.195878044626127,0.830952380952381,1.0510088781275222,0.9597057882954908,1.1394673123486683,1.1192307692307693,1.0510088781275222,1.405985686402082,1.1394673123486683,1.4602941176470587,1.7363311190597854,1.9422169811320753,1.9259070005109862,0.6651512589323206,0.6168075687567702,0.6456220511849387,0.6037028393947956,0.5943062743128352,0.6168075687567702,0.5655747318090696,0.6037028393947956,0.5292766596660856,0.4996766715483516,0.4850521363925681,0.4813286806251578,0.1829289155880673,0.17229617708087624,0.17976722159002145,0.16843569832011818,0.165302137305097,0.17229617708087624,0.1609594499405919,0.16843569832011818,0.1507639636550509,0.14696408962875682,0.14523341677591406,0.14417308683486652,0.9316121753458474,0.8880669947772194,0.9010471016700448,0.8638016031213905,0.8775728059635531,0.8880669947772194,0.785556286871302,0.8638016031213905,0.7962040986845944,0.6889723354336824,0.6161485978490612,0.6159607888373198,0.03346298815822625,0.029685972636684665,0.03231625395819588,0.028370584468585865,0.027324796597633143,0.029685972636684665,0.025907944525177903,0.028370584468585865,0.022729772736981506,0.021598443640409266,0.02109274534840636,0.02078587896749396,1.0
1.518231091401823,2.147399925177703,1.6090123456790122,2.014465644095274,2.3719512195121952,2.147399925177703,2.77125,2.014465644095274,3.4302591463414633,4.301970507634085,4.117692307692308,3.4147200835182048,0.7988420793298843,0.9559795485721411,0.8240740740740742,0.9574759945130316,1.0362120457939274,0.9559795485721411,1.1047500000000001,0.9574759945130316,1.2303099593495934,1.33603027534908,1.3253846153846154,1.2492496411327154,0.6639248749935666,0.6199386503139978,0.6564864296957076,0.613759792045567,0.5939307529047281,0.6199386503139978,0.5817089507469025,0.613759792045567,0.5540785345776197,0.5437707763265976,0.5428750809227079,0.5479915207907706,0.20748977223787957,0.19536489573351234,0.20548706826291804,0.19415304805878064,0.18841871018889605,0.19536489573351234,0.18740864441108368,0.19415304805878064,0.18192742319842842,0.1805894937139742,0.17998228417458076,0.18228664437857006,0.9039917619679081,0.8616394504515523,0.8974363129141778,0.8699841750367939,0.8487236281975717,0.8616394504515523,0.8201430454894931,0.8699841750367939,0.778091617189376,0.7075751731421615,0.7230140612034686,0.766379642535038,0.043052005583327134,0.03816744248496615,0.042224935223289135,0.037695406070515185,0.035501610349247203,0.03816744248496615,0.03512200000000001,0.037695406070515185,0.03309758731162007,0.03261256523986952,0.03239362261669954,0.033228420718799265,1.0
1.3798412698412699,1.5685230024213075,1.5358170770706747,2.402744148506861,2.402403846153846,1.5685230024213075,2.8010735198438517,2.402744148506861,3.635130718954248,2.7838528359734287,4.31300539083558,4.878555612331801,0.770952380952381,0.8573042776432607,0.7983690438119604,0.9987086359967717,1.0447115384615384,0.8573042776432607,1.0850683148991542,0.9987086359967717,1.2514705882352941,1.1660705160960652,1.3419811320754715,1.4297393970362802,0.6670597370556604,0.6356008193519075,0.6636345793262388,0.6085394935106123,0.5853951550837544,0.6356008193519075,0.5873880325892277,0.6085394935106123,0.5473795063106526,0.5509250404993759,0.537055484745021,0.5214794063410966,0.19870695640200864,0.1896997210507185,0.19947309072752611,0.18564529562608767,0.1788080960793922,0.1896997210507185,0.18009785584172758,0.18564529562608767,0.1710967678745067,0.17408171636536476,0.17132459440388545,0.17004515654529595,0.9020044322725806,0.8859582763406088,0.8909930480699316,0.8257044310137165,0.8257584724751514,0.8859582763406088,0.796463815706741,0.8257044310137165,0.7276097807545122,0.7776332877903785,0.6744669125432878,0.6162663448768737,0.03948445452254976,0.035985984166720414,0.03978951392439187,0.03446417578809749,0.03197233522353715,0.035985984166720414,0.03243523767878769,0.03446417578809749,0.029274103977102825,0.030304443972711308,0.029352116647655857,0.028915355264514202,1.0
1.2588235294117647,2.0109474982653617,1.409097859327217,1.7000231285174618,2.2251926040061636,2.0109474982653617,2.3945216049382716,1.7000231285174618,3.543495297805643,4.111830018372074,3.429009433962264,3.0653406821631126,0.7216195569136744,0.925911649063295,0.7612385321100916,0.872176393493177,0.9835901386748844,0.925911649063295,1.0182870370370372,0.872176393493177,1.217476489028213,1.3082514577841682,1.2274371069182388,1.1826024442846874,0.6873867563279327,0.627000358396961,0.6766699123596709,0.636859580275345,0.6104753020959227,0.627000358396961,0.6013983332097441,0.636859580275345,0.5607174049838932,0.5425654967153897,0.5514269526398929,0.5579211090675705,0.199605617876506,0.18457833757309652,0.19657508054396391,0.18620429319748338,0.17902253827168632,0.18457833757309652,0.17791858010812386,0.18620429319748338,0.1688474485849952,0.1686303893963703,0.1692569348407721,0.17032843442435094,0.9031830064716267,0.8399941696168267,0.8901905333043659,0.8644403977822038,0.8263171765298881,0.8399941696168267,0.8089805570167506,0.8644403977822038,0.7182128423117059,0.6519226068681964,0.7190682125968851,0.7385571952742502,0.039842402687861725,0.034069162701247976,0.0386417622908659,0.03467203880517435,0.0320490692092374,0.034069162701247976,0.03165502114769089,0.03467203880517435,0.028509460893662603,0.028436208227971476,0.028647909991693365,0.029011775573450423,1.0
1.2560975609756098,1.8960219478737996,1.3899624261943102,1.6727023319615912,2.075942350332594,1.8960219478737996,2.2869565217391306,1.6727023319615912,3.037166085946574,2.987047394760083,3.0501672240802677,3.250809537827495,0.705420054200542,0.8908093278463648,0.7533548040794419,0.8266117969821672,0.9151884700665188,0.8908093278463648,0.9777173913043478,0.8266117969821672,1.1080139372822297,1.1424786576390935,1.1594202898550723,1.1624963202826026,0.6946183779748536,0.6342349389548714,0.6766290075081376,0.6565181222753921,0.6341829552686102,0.6342349389548714,0.6110110504427668,0.6565181222753921,0.5896378019252884,0.5683912527751436,0.562660186547237,0.5743287643597854,0.2548474672939423,0.23663931094349266,0.24975782539516064,0.24294834671643795,0.2363873863300384,0.23663931094349266,0.2296116862553567,0.24294834671643795,0.22466325972640655,0.21916886126239046,0.21844462253963282,0.22215626325108961,0.8697596021117021,0.7942977988055772,0.8520284842227123,0.8181841253765183,0.781255482605636,0.7942977988055772,0.7517829030316217,0.8181841253765183,0.6714683349629045,0.6504028551871642,0.6639222113697716,0.6278066168464511,0.06494723158613701,0.055998163483811,0.062378971346119555,0.05902389917225054,0.05587899641594682,0.055998163483811,0.052721526465028354,0.05902389917225054,0.050473580270894804,0.048034989747052954,0.04771805311648265,0.049353405301687435,1.0
1.2276408450704226,1.4025673025494738,1.1464486638537272,1.7769655910144408,2.0407142857142864,1.4025673025494738,1.76264245014245,1.7769655910144408,2.8889705882352947,2.210427253905515,2.3475877192982457,3.0877093920572176,0.7068661971830985,0.7671599215546444,0.685478199718706,0.8809056872882867,0.9535714285714285,0.7671599215546444,0.8904914529914529,0.8809056872882867,1.1647058823529413,1.0246565029173726,1.0551900584795322,1.2160737812911724,0.6950685360173762,0.6745784109393015,0.7001495287887691,0.639820687305752,0.6193661673071691,0.6745784109393015,0.633507928830327,0.639820687305752,0.5627555131411466,0.5928792168178357,0.5867684117981445,0.549729278565043,0.2749005699312789,0.2681678106919247,0.27472293865571734,0.25612057666195326,0.2516214002854937,0.2681678106919247,0.25401575634666107,0.25612057666195326,0.2403557142594339,0.24948245490534132,0.2427245965964878,0.23658650272921777,0.8125789415961203,0.7833719655007184,0.8274581712285928,0.7260918303046744,0.6821674506134038,0.7833719655007184,0.731588708320885,0.7260918303046744,0.532965100593329,0.6341152708959699,0.6363496214901726,0.49858173196166794,0.07557032334854197,0.07191397469129997,0.07547269302363302,0.06559774978965147,0.06331332908163265,0.07191397469129997,0.0645240044723663,0.06559774978965147,0.05777086937716263,0.06224149530559567,0.05891522979292774,0.055973173273642166,1.0
1.6596665259603207,2.343646644617518,1.6310228233305157,2.042675770831111,2.7807971014492754,2.343646644617518,2.498824786324786,2.042675770831111,4.11695652173913,4.368227834019356,3.326813811188811,3.139281343864724,0.8491979738286197,1.0245385682278885,0.8467878275570585,0.9783420463032114,1.1196717817561808,1.0245385682278885,1.0889957264957262,0.9783420463032114,1.3504347826086955,1.3921459561686502,1.2525131118881119,1.2394037156524642,0.6478300257693972,0.5988122657181482,0.6472862236210651,0.6063550529866535,0.5751493404468664,0.5988122657181482,0.5762159867571672,0.6063550529866535,0.5307471331599062,0.5206759386293031,0.540382386423601,0.5394097248777113,0.20078544730972497,0.18922912118756255,0.20079864615936785,0.1899141028974495,0.183276023420995,0.18922912118756255,0.18318310143733918,0.1899141028974495,0.17510987638929373,0.17585538500004885,0.17712807973647518,0.17812561284783532,0.865653953743695,0.8069058186076709,0.8697741905326434,0.8316758957415885,0.7683867289935083,0.8069058186076709,0.7977193532933592,0.8316758957415885,0.6433130121674336,0.6122659930031803,0.7246127116315403,0.7195905568988031,0.040314795851366346,0.03580766030541723,0.04032009629943501,0.03606736647934304,0.03359010076101311,0.03580766030541723,0.0335560486522025,0.03606736647934304,0.03066346880907373,0.030925116433515407,0.031374356631131105,0.03172873395241692,1.0
1.8403242408646425,2.1174561972744965,1.3680306905370843,2.3219987021414665,3.2473876698014634,2.1174561972744965,2.3708720330237356,2.3219987021414665,4.799838362068966,4.386521443158611,3.6477153361344534,4.2246426140231454,0.8585949562532168,0.9218689162881246,0.7230179028132991,0.9797534068786502,1.1664054336468128,0.9218689162881246,0.9877450980392156,0.9797534068786502,1.4542025862068966,1.3714091218515996,1.231486344537815,1.3903335602450646,0.6529869716590211,0.6362649303122361,0.694714901552921,0.6195975108729034,0.5759347981868351,0.6362649303122361,0.6182228501887866,0.6195975108729034,0.5097430141229972,0.5312959921950298,0.5633363503877217,0.5158331594752797,0.19762490402286784,0.1927853849224491,0.21058077125602212,0.18845276846021095,0.17657941582044293,0.1927853849224491,0.1875910249064859,0.18845276846021095,0.16312600760904014,0.16750241615746933,0.1738631809800899,0.1645482708588396,0.8652577718341408,0.8422968840988656,0.9013203268193656,0.8271235337887137,0.7560768081781546,0.8422968840988656,0.8260920667318675,0.8271235337887137,0.6254275698284395,0.6457491723510456,0.7254026151151949,0.659956582925486,0.03905560269004773,0.037166204639696866,0.044344261222781116,0.03551444594031788,0.031180290091488885,0.037166204639696866,0.03519039262546581,0.03551444594031788,0.026610094358464623,0.028057059418590047,0.0302284057005155,0.02707613344263404,1.0
1.161243556701031,1.8672884961544751,1.3015873015873014,1.4068073964981178,1.8400065104166667,1.8672884961544751,2.140882159315339,1.4068073964981178,2.4115691489361706,3.2773080241587578,2.9549319727891152,2.3703192407247626,0.692493556701031,0.8991981672394042,0.7376093294460643,0.7931598756341023,0.8885091145833334,0.8991981672394042,0.9868334430546412,0.7931598756341023,1.0226063829787235,1.2262295081967212,1.1784013605442176,1.0512510785159621,0.6973584361434952,0.6355729505153397,0.6833451768889358,0.6610120855966823,0.6386765784715002,0.6355729505153397,0.6073292044907065,0.6610120855966823,0.605496106821258,0.5549080953935632,0.5594396918749245,0.5882229992730932,0.2591044520242755,0.23908312232336948,0.2531715147401622,0.2450561795722968,0.23927519512394194,0.23908312232336948,0.2296487549815814,0.2450561795722968,0.23114319185159818,0.22176960387964195,0.22032797000014595,0.22728532281256106,0.8055441753552766,0.6828053244596881,0.786930999343003,0.7610208935001478,0.6856381350998081,0.6828053244596881,0.6469898366455067,0.7610208935001478,0.5754552483882778,0.42043548977221207,0.509521326351285,0.5756661562829654,0.0671351170588001,0.05716073937989126,0.06409581587582817,0.06005253114656978,0.05725261900160048,0.05716073937989126,0.05273855066459041,0.06005253114656978,0.05342717513934472,0.0491817572049333,0.04854441436438521,0.05165861796601009,1.0
